Quarter,Product_A,Product_B,Product_C,Product_D,Total_sales,Total_sales/quarter
1,76.0,40.333333333333336,44.666666666666664,26.333333333333332,187.33333333333334,562
2,78.0,69.33333333333333,41.666666666666664,40.666666666666664,229.66666666666666,689
3,86.33333333333333,51.333333333333336,49.0,24.0,210.66666666666666,632
4,87.66666666666667,66.66666666666667,43.0,45.333333333333336,242.66666666666666,728
